objID,ra,dec,z,g,r,i
1.23765E+18,270.0058823,-0.000818154,22.03795,24.12805,22.15325,22.314
1.23765E+18,270.0135182,-0.001222429,14.18885,16.52675,14.92987,14.387
1.23765E+18,270.0074926,0.014115189,21.248,25.92737,22.50014,21.68899
1.23765E+18,270.0155304,0.005689797,18.13346,19.58961,18.71007,18.38125
1.23765E+18,270.0168346,0.003239869,18.81094,20.77467,19.59648,19.11816
1.23765E+18,270.0068729,0.017156267,22.01892,23.739,23.21852,21.48489
1.23765E+18,269.9851678,0.012230611,21.33866,23.00842,21.33695,20.91222
1.23765E+18,270.0076021,0.017750252,21.45922,24.36133,23.81001,21.95732
1.23765E+18,270.0015821,0.020217523,22.41246,25.53057,21.90236,22.46166
1.23765E+18,269.9924425,0.019106891,19.94596,25.02232,24.55182,20.54191
1.23765E+18,269.9990724,0.020676101,18.42614,20.49333,19.28754,18.79083
1.23765E+18,269.9792958,-0.001210329,20.50103,23.38268,21.92457,21.05688
1.23765E+18,270.0185471,0.012245636,19.2254,21.43934,20.05476,19.50168
1.23765E+18,269.9857911,0.021596034,18.10817,19.39422,18.61314,18.24929
1.23765E+18,270.0224727,0.015316463,19.76923,21.25754,20.14747,19.76842
1.23765E+18,269.9721128,0.009692698,20.81666,25.06323,23.01298,21.94237
1.23765E+18,269.9766834,0.018361146,21.91886,25.11688,23.67383,22.09138
1.23765E+18,270.011359,0.028340052,20.18504,20.63846,20.33752,20.20333
1.23765E+18,269.9872521,0.028381593,17.8301,19.18317,18.38235,18.08375
1.23765E+18,269.9663382,0.005572618,17.48318,18.85582,18.02101,17.68246
1.23765E+18,269.9648329,-4.39E-05,22.86625,20.37684,24.79318,24.38549
1.23765E+18,269.981975,0.030198099,22.42138,24.19256,23.64778,22.25304
1.23765E+18,270.0245577,0.025711538,18.40353,20.70498,20.69915,24.32815
1.23765E+18,270.0360907,0.000204813,20.01948,21.33299,20.31225,20.01168
1.23765E+18,269.9812187,0.031105985,19.4272,22.94373,21.14828,19.95904
1.23765E+18,269.9630875,0.004501273,19.40191,21.14471,20.26293,19.82878
1.23765E+18,270.0280963,0.025289264,21.32854,24.50096,22.69814,21.43139
1.23765E+18,269.9754875,0.030965877,21.01683,25.73811,22.85867,21.3671
1.23765E+18,270.039935,-0.000373333,18.25933,20.48623,19.09957,18.61319
1.23765E+18,269.9783678,0.034919044,21.13545,25.21127,24.1818,21.7306
1.23765E+18,269.9809813,0.03728472,20.21461,21.89681,21.92633,20.91178
1.23765E+18,269.9586893,0.006955444,20.94842,23.94315,22.30285,21.33287
1.23765E+18,269.9642347,0.022195677,21.81604,25.32596,25.4877,21.89116
1.23765E+18,269.9601469,0.014243772,21.84937,23.3913,22.25326,21.53194
1.23765E+18,269.9807043,0.038525522,22.28751,25.48078,24.17751,22.1329
1.23765E+18,269.9709128,0.032048763,20.29384,22.56951,21.16645,20.55231
1.23765E+18,269.9586914,0.017328263,20.78411,24.48119,25.11721,21.94985
1.23765E+18,269.9718357,0.035234001,21.57457,24.69461,22.78169,21.85771
1.23765E+18,269.9586928,0.019186495,22.27401,25.00522,22.72321,21.64057
1.23765E+18,269.9748835,0.038382406,19.60639,21.39982,20.239,19.8625
1.23765E+18,269.9978488,0.046531692,18.6026,20.68614,19.42123,18.87769
1.23765E+18,269.9526855,-0.000295149,20.75908,23.02074,22.59042,21.19545
1.23765E+18,269.9558989,0.017600261,20.50597,22.68717,21.15601,20.71893
1.23765E+18,270.0468084,0.012880361,20.48163,21.59898,21.10653,21.35273
1.23765E+18,269.951071,0.003453805,19.28957,21.27626,20.21192,19.72575
1.23765E+18,269.9586785,0.028424235,19.61203,20.9977,20.32146,20.09571
1.23765E+18,269.9891329,0.04953805,23.18718,25.41905,18.71467,18.66508
1.23765E+18,269.9482682,0.00178862,18.94787,20.38283,19.70569,19.39976
1.23765E+18,269.9762568,0.046350732,16.95776,18.42414,17.52584,17.169
1.23765E+18,269.9635788,0.037959283,17.78872,19.61936,18.53525,18.06955
1.23765E+18,270.0425629,0.031240087,20.16108,23.00734,21.13268,20.5682
1.23765E+18,270.0503432,0.016748413,22.45698,23.64504,22.87988,21.81877
1.23765E+18,270.0221126,0.048364466,17.44978,19.72208,18.55664,17.97039
1.23765E+18,270.0443884,0.030767462,22.82708,25.116,20.22394,19.96501
1.23765E+18,269.9487427,0.01724843,21.43221,24.24204,23.2485,22.05686
1.23765E+18,270.0443806,0.031133553,20.56541,21.19748,20.31463,20.36893
1.23765E+18,269.993954,0.0547782,21.62874,22.89018,22.0074,21.39985
1.23765E+18,269.9445331,-0.000984678,18.89759,20.41712,19.42343,19.05392
1.23765E+18,270.0123731,0.054374117,19.2858,20.8245,19.87752,19.51121
1.23765E+18,270.0556105,0.004699119,19.99488,23.022,21.58864,20.57699
1.23765E+18,270.0497002,0.026442933,19.29904,20.96276,24.80202,19.57321
1.23765E+18,269.9463555,0.020036672,23.71368,24.51209,25.35674,21.95525
1.23765E+18,270.0534191,0.020853524,20.54283,24.29279,22.67566,21.11205
1.23765E+18,270.0564616,0.010699563,18.39359,20.25242,19.1724,18.69046
1.23765E+18,269.9833077,0.055754118,20.30822,22.51817,21.06905,20.43075
1.23765E+18,269.978237,0.055489491,21.65376,25.39161,22.47222,21.7293
1.23765E+18,270.0527985,0.02899779,25.89478,27.57755,17.85747,19.20442
1.23765E+18,269.9946229,0.059997959,23.04971,25.69818,22.83295,22.50616
1.23765E+18,270.0438505,0.042001826,20.67881,24.05569,22.64188,21.13187
1.23765E+18,270.0440572,0.042513419,20.28942,22.84967,21.77437,21.16553
1.23765E+18,269.9894806,0.060800441,22.89786,22.05754,24.85592,19.65229
1.23765E+18,269.9988626,0.062475962,19.52294,22.16839,20.73763,19.93429
1.23765E+18,270.0487832,0.039104402,17.68487,19.56114,18.42739,18.00153
1.23765E+18,270.0586084,0.02498322,18.93243,20.61499,19.30868,18.87361
1.23765E+18,270.0603293,0.021928613,18.93556,21.05993,19.88834,19.23712
1.23765E+18,270.0639562,0.010318498,21.47021,24.77257,23.59284,22.01122
1.23765E+18,270.0314652,0.056643392,17.71704,19.15798,18.31314,17.9578
1.23765E+18,269.9910281,0.06453383,19.9291,21.47756,20.53025,20.16379
1.23765E+18,270.0412464,0.051355998,21.29158,18.11479,16.83017,16.4471
1.23765E+18,270.0391155,0.053558582,22.8269,25.07296,22.33798,21.07386
1.23765E+18,269.9846033,0.064708849,19.20687,20.80852,19.80982,19.34953
1.23765E+18,269.9777601,0.062822874,23.11673,24.30263,23.70228,22.36129
1.23765E+18,269.9911732,0.066511583,21.24369,24.60456,22.36293,21.5551
1.23765E+18,270.0615581,0.028591642,22.96187,20.23617,19.24322,19.09702
1.23765E+18,270.0174573,0.066197371,20.43542,22.50087,20.70656,20.1839
1.23765E+18,270.04242,0.054793727,18.15093,19.72618,21.23729,24.3618
1.23765E+18,270.0654997,0.023121395,19.1905,20.82292,19.80676,19.38146
1.23765E+18,270.0588828,0.038641556,21.96947,24.59891,22.85886,21.59867
1.23765E+18,270.0311078,0.063431051,18.69293,22.0989,20.54363,19.38294
1.23765E+18,270.0621456,0.033604443,22.5312,23.30035,21.71667,21.69459
1.23765E+18,270.0298485,0.064074502,18.79599,21.43474,19.86813,19.16463
1.23765E+18,270.0456195,0.054786969,16.50716,20.40092,28.18478,16.84039
1.23765E+18,270.0682555,0.026194149,23.35344,26.15418,23.44612,22.28472
1.23765E+18,270.0553029,0.050486696,14.63063,16.45044,15.3704,14.73957
1.23765E+18,270.0750699,0.010313639,20.49701,24.93791,22.19313,21.23145
1.23765E+18,270.0694405,0.030338932,21.62169,24.65849,22.33827,22.06861
1.23765E+18,269.9806114,0.073527269,18.29332,19.76269,18.86863,19.04794
1.23765E+18,270.0678475,0.037387114,22.40334,22.81033,21.98928,22.23449
1.23765E+18,270.0754319,0.019972054,23.32377,24.47469,24.42671,22.4698
1.23765E+18,270.0571328,0.053950986,19.52993,21.6615,20.40931,19.89677
1.23765E+18,269.9924904,0.078838356,17.98389,21.82878,20.02342,18.72426
1.23765E+18,270.076556,0.024968256,22.75722,24.04444,22.93668,21.37959
1.23765E+18,270.0553616,0.060257956,18.99042,20.72122,19.7725,19.31223
1.23765E+18,270.0785457,0.025228278,21.35885,23.73946,21.98196,21.73243
1.23765E+18,269.9174341,0.006860931,18.49013,19.80629,19.03023,18.69171
1.23765E+18,270.0664314,0.050139125,21.62971,24.63216,22.86473,22.133
1.23765E+18,270.0806208,0.02099947,17.86547,19.40802,18.54409,18.26364
1.23765E+18,270.083862,0.015842735,19.06354,21.55672,20.15254,19.52961
1.23765E+18,270.0594766,0.06148705,20.09123,22.3744,21.02092,20.70601
1.23765E+18,270.019283,0.083696113,19.65417,22.0326,20.61628,20.08576
1.23765E+18,270.0630518,0.058393799,19.97481,24.37233,21.58977,20.48658
1.23765E+18,269.9131969,0.004573075,21.03163,24.60625,23.48056,21.44489
1.23765E+18,270.0658489,0.058150018,18.707,22.31965,20.7798,19.58596
1.23765E+18,270.0731989,0.04883391,20.68094,23.51174,22.11261,21.54894
1.23765E+18,270.0646428,0.061172702,17.46025,19.10283,18.13633,17.74126
1.23765E+18,270.088046,0.013161123,18.67905,20.21198,19.34979,19.00202
1.23765E+18,270.0812632,0.036753224,19.60202,21.82219,20.59786,20.08873
1.23765E+18,270.0722796,0.053055717,20.28559,22.54662,21.20995,20.55692
1.23765E+18,270.089592,0.008692438,21.76582,22.82017,21.6708,21.84773
1.23765E+18,270.0836986,0.033155259,19.19725,24.63193,21.66227,20.15133
1.23765E+18,270.0371325,0.082343677,22.76547,24.90751,23.52303,21.88073
1.23765E+18,270.0728775,0.054651033,21.15988,23.74382,21.96439,21.2893
1.23765E+18,269.9100305,0.014634101,20.2879,23.46902,21.54046,20.72716
1.23765E+18,270.0375764,0.083118709,20.06757,22.75235,21.91785,20.61282
1.23765E+18,270.0916768,0.000823557,22.3526,22.40081,21.29083,21.58114
1.23765E+18,270.00759,0.091955238,22.82903,25.1167,24.80203,20.09194
1.23765E+18,270.034767,0.085708231,22.83084,25.12254,22.34343,24.36026
1.23765E+18,270.0770996,0.051301803,19.28248,23.30204,21.46671,20.13715
1.23765E+18,270.0703683,0.061230173,20.47027,24.22242,22.60145,20.98503
1.23765E+18,270.0353386,0.08643766,18.00533,20.50432,24.79793,18.77631
1.23765E+18,270.0096357,0.093625452,19.47427,21.00047,24.80204,24.36173
1.23765E+18,269.9074533,0.018057662,21.8903,25.86434,23.73864,21.65474
1.23765E+18,269.9056198,0.001510511,20.60866,25.92202,23.23977,21.21088
1.23765E+18,270.0376847,0.086700984,25.99709,28.9,27.77916,17.87438
1.23765E+18,270.0352232,0.087958714,12.57303,15.73568,13.20163,13.12631
1.23765E+18,269.9045796,0.004609753,19.59965,23.4835,21.01627,20.22834
1.23765E+18,269.9044921,0.003126764,21.13449,25.50178,22.33508,21.56542
1.23765E+18,270.0326129,0.090278763,23.76639,20.69676,24.58873,18.28383
1.23765E+18,269.9625805,0.088502542,19.59003,25.12462,20.84952,20.16594
1.23765E+18,270.0486211,0.083462137,18.15254,20.73849,19.1208,18.622
1.23765E+18,270.0767751,0.058729452,22.32753,24.67819,24.31026,22.19615
1.23765E+18,269.9050243,0.022523975,19.0161,20.86363,19.82229,19.28821
1.23765E+18,269.9800537,0.095660303,21.83702,24.24884,22.96018,21.88991
1.23765E+18,270.0331467,0.092157626,22.82832,25.11585,21.24353,21.733
1.23765E+18,270.0934766,0.031362129,20.85334,22.32008,21.35777,20.8446
1.23765E+18,269.9013154,-0.001295719,21.56777,23.41246,21.9726,21.67081
1.23765E+18,270.0378619,0.091228448,24.99246,26.99852,16.86949,15.90043
1.23765E+18,270.0981663,0.011674133,22.62669,25.17703,22.05373,21.16366
1.23765E+18,269.9011485,0.001701402,21.20605,23.52361,22.85976,21.45062
1.23765E+18,270.0659398,0.073674785,21.92579,24.28355,22.66254,21.92394
1.23765E+18,270.0108575,0.098607811,20.75361,23.29139,21.32194,20.88306
1.23765E+18,269.9006526,0.005380464,19.42676,20.86532,20.04136,19.66941
1.23765E+18,269.9904992,0.099542034,20.96146,22.94324,21.91714,21.27936
1.23765E+18,270.0705264,0.071098229,20.95729,22.472,21.66,20.93419
1.23765E+18,270.1003998,-0.00080454,20.75744,24.47929,22.27423,21.09526
1.23765E+18,270.0951477,0.032757078,20.41249,23.62049,22.22325,21.76429
1.23765E+18,270.0839066,0.055765355,22.3323,22.08739,22.03938,20.71753
1.23765E+18,270.1002565,0.013217133,24.20169,22.48905,24.65987,24.5537
1.23765E+18,269.9038952,0.03198669,20.37114,22.02643,20.97351,20.35823
1.23765E+18,270.0501335,0.08821693,19.25513,20.69826,20.27334,19.7008
1.23766E+18,270.0144853,-0.100694767,16.92802,18.57161,26.90915,26.20911
1.23765E+18,269.9590457,0.093606285,13.4335,15.82259,15.70706,13.67976
1.23766E+18,270.0107573,-0.101927286,21.16726,23.5117,21.32875,20.21414
1.23765E+18,269.902107,0.030879619,21.11666,22.43783,21.05724,21.61062
1.23765E+18,269.9027226,0.032922518,19.828,21.61179,20.72861,20.19877
1.23765E+18,270.1029107,0.004070956,22.19375,23.98111,22.46166,22.14823
1.23765E+18,269.8987059,0.020021928,20.53764,21.61079,20.75028,20.35767
1.23766E+18,270.0150438,-0.102211765,25.62361,28.91593,15.66395,14.99941
1.23765E+18,270.0817714,0.063280065,20.12125,21.83565,20.68692,20.32597
1.23765E+18,270.0913108,0.048517314,22.33377,22.61357,21.24701,20.62373
1.23765E+18,269.8964183,0.006007976,21.76598,24.49012,22.3139,21.87673
1.23766E+18,270.0162477,-0.103052521,18.07489,21.50046,24.96421,24.55139
1.23765E+18,269.8954629,0.000622784,20.80069,24.1882,22.08119,21.00233
1.23765E+18,270.0192829,0.102841864,17.48902,21.29044,19.56125,18.27341
1.23765E+18,269.8953152,0.005694314,21.31905,24.59589,21.90378,20.97338
1.23765E+18,269.9927815,0.105030455,13.3799,15.37792,11.91207,13.50307
1.23765E+18,269.8947272,0.002105718,20.08462,24.87885,22.44514,21.19497
1.23765E+18,270.1051916,0.006740314,19.82443,20.76233,20.20297,19.4207
1.23765E+18,270.0193234,0.103786579,19.79313,23.79959,21.56518,20.40817
1.23765E+18,270.0236321,0.10306123,20.68849,24.1688,23.13018,21.55485
1.23765E+18,270.0723532,0.077414311,19.38915,21.8202,20.36788,19.66711
1.23766E+18,269.9879244,-0.105339667,20.07553,21.82137,21.09225,20.27965
1.23765E+18,270.0969168,0.043051656,18.82621,21.68797,19.91101,19.14349
1.23766E+18,270.0158324,-0.105125069,18.08179,28.52181,26.48603,25.9348
1.23765E+18,270.0726188,0.077901053,18.74189,19.90982,19.30169,18.86358
1.23765E+18,270.0990122,0.039581564,21.35947,23.00486,22.34542,22.05733
1.23765E+18,270.0922498,0.053710411,20.5182,24.14291,22.93503,21.06798
1.23765E+18,269.9050249,0.048778045,20.95867,24.34088,25.12332,21.65366
1.23766E+18,270.0305334,-0.102381858,18.55098,21.86526,20.36475,18.90121
1.23765E+18,269.9031144,0.045195613,19.73063,23.17851,21.31465,20.23572
1.23765E+18,270.002643,0.107174066,21.51964,23.44884,21.85704,21.19693
1.23765E+18,270.0938706,0.052318065,21.68865,22.13668,21.49197,21.36234
1.23765E+18,270.0728282,0.079275297,22.63495,25.16457,24.35097,22.62186
1.23766E+18,269.9849674,-0.106610964,16.34456,17.91164,17.04579,16.51382
1.23766E+18,269.9619483,-0.101186731,16.97805,19.71425,18.22588,17.36362
1.23766E+18,270.0015019,-0.108188603,19.79156,25.52625,22.25311,20.47725
1.23765E+18,270.0978483,0.046702427,19.15821,20.71121,19.81311,19.44514
1.23765E+18,270.020032,0.106630848,21.21804,24.362,22.34119,21.96632
1.23765E+18,269.8990913,0.039914948,21.38384,25.38761,21.81613,22.0372
1.23765E+18,270.0989096,0.044932876,21.81577,25.35662,22.69081,21.59735
1.23766E+18,269.9800152,-0.107128691,18.59964,20.30279,19.29468,18.76248
1.23765E+18,270.0967411,0.050321874,19.88048,22.93998,20.83724,20.24188
1.23766E+18,270.0223493,-0.106851415,22.07598,24.42692,22.82577,20.63685
1.23766E+18,270.0132172,-0.108925343,25.73616,29.33945,20.98479,18.59993
1.23765E+18,270.109739,0.008218682,17.17998,19.42019,18.28508,17.63237
1.23765E+18,270.10343,0.037674903,22.82716,24.8763,23.77591,21.59153
1.23766E+18,269.9554985,-0.100741433,18.14975,19.7718,18.88118,18.34586
1.23766E+18,270.0379887,-0.10343507,18.4032,21.51751,19.72439,18.83333
1.23765E+18,269.900176,0.047224906,20.99061,24.94258,23.14542,21.40572
1.23765E+18,270.0487571,0.099265712,20.40532,22.4665,21.14416,20.59115
1.23765E+18,270.0679489,0.087477093,13.20404,15.08471,14.88129,13.4203
1.23765E+18,270.0093048,0.110384897,21.41469,23.30919,22.02556,21.78497
1.23765E+18,270.1093657,0.017803903,19.70566,21.44103,20.38052,20.02789
1.23766E+18,269.9627188,-0.104702524,20.25007,23.38671,21.35147,20.43073
1.23766E+18,269.9661653,-0.105913849,19.39673,24.76378,21.15523,20.04498
1.23765E+18,270.0799714,0.078212272,18.77706,20.19616,19.24617,18.89912
1.23765E+18,270.0693008,0.08792725,20.35413,22.02085,20.42864,20.02393
1.23765E+18,270.0468895,0.102509339,18.84638,20.3593,20.76253,20.38551
1.23765E+18,269.9069073,0.064946313,18.85664,20.28216,19.43955,19.03137
1.23766E+18,269.957369,-0.105265846,18.26708,21.04857,19.48749,18.70877
1.23765E+18,269.892075,0.035584108,21.07366,24.55966,22.7197,21.43499
1.23765E+18,270.0902512,0.069701757,19.63085,22.82782,20.88222,20.13064
1.23766E+18,270.0356572,-0.108616453,19.29033,21.09575,19.68691,19.14553
1.23766E+18,270.012891,-0.11362381,19.57931,25.3777,21.13351,20.0089
1.23766E+18,270.0266045,-0.111718724,18.20471,20.91835,19.34809,18.50494
1.23765E+18,270.0905739,0.070736179,19.75751,23.71714,21.21335,20.25907
1.23766E+18,269.9986863,-0.114952008,19.58951,21.59178,20.38882,19.76494
1.23765E+18,270.1010715,0.054982148,21.16251,23.9247,22.93467,22.17214
1.23765E+18,270.0267512,0.111927477,18.60456,20.45053,19.36545,18.85589
1.23765E+18,270.0989779,0.059165865,21.4804,24.4388,22.6131,21.59008
1.23765E+18,269.9963468,0.115335533,20.83744,23.02411,22.05381,21.82618
1.23765E+18,270.0639534,0.096462436,20.68944,24.49183,23.31691,21.30292
1.23765E+18,270.0922011,0.070236708,18.66437,21.19606,19.65949,19.05196
1.23766E+18,269.9712281,-0.112672034,19.32817,21.58414,20.11972,19.48405
1.23765E+18,270.1057901,0.048485295,19.82672,22.55999,21.03702,20.18586
1.23765E+18,270.1073928,0.045163503,20.23086,26.29615,23.14331,21.25299
1.23766E+18,270.0318936,-0.11211874,18.39436,21.0216,19.6267,24.41101
1.23765E+18,270.0736658,0.090832706,19.17905,22.65654,22.58195,20.03317
1.23765E+18,270.1165689,0.01093245,16.96992,18.23093,17.50614,17.23607
1.23766E+18,270.0403371,-0.110114609,19.03035,21.17949,19.8882,19.24426
1.23765E+18,270.1042897,0.053643155,22.98437,23.2323,22.56984,22.57719
1.23766E+18,269.9757594,-0.114870103,19.02886,22.3382,20.34416,19.56454
1.23765E+18,270.0994749,0.06329265,22.33415,24.70921,22.36134,21.56771
1.23765E+18,270.1088156,0.046306518,21.07828,23.1374,22.37571,21.99146
1.23765E+18,270.0431783,0.110245879,19.62186,21.53153,20.40522,19.94538
1.23765E+18,270.0312547,0.114335661,19.76488,21.52031,20.58207,20.11746
1.23765E+18,270.0960227,0.069805338,21.65665,22.8313,21.95778,21.29838
1.23766E+18,269.9492866,-0.107373723,19.4295,24.75877,22.41643,20.48469
1.23765E+18,269.8833727,0.022466562,22.82689,25.11437,20.67628,18.4019
1.23765E+18,270.1190278,-0.000443903,21.48497,25.11545,21.65004,24.36182
1.23766E+18,269.9808472,-0.117557003,21.73811,23.76981,21.68567,21.02884
1.23766E+18,269.9421171,-0.104350168,19.73358,22.26324,20.93803,20.14185
1.23766E+18,269.9600141,-0.112490218,19.72083,22.13293,20.24014,19.7268
1.23765E+18,269.9034674,0.070278362,18.97268,22.44342,20.45567,19.26848
1.23765E+18,269.8821989,0.020965087,8.275851,12.59641,10.36562,10.25541
1.23766E+18,269.9452439,-0.106566401,18.24755,19.73418,18.93858,18.43419
1.23765E+18,270.1194583,0.015978081,18.17005,19.71412,18.80052,18.46651
1.23766E+18,270.0059082,-0.120509977,18.35008,20.91061,19.50385,18.70981
1.23766E+18,269.9906564,-0.12032947,20.64751,24.98055,23.17306,20.89698
1.23765E+18,270.1096232,0.052958293,22.83318,24.95605,22.81706,24.49341
1.23765E+18,270.1164318,0.03561935,19.7282,21.40712,22.48962,20.39248
1.23765E+18,270.1078654,0.056680375,18.08186,19.77928,18.72564,18.36847
1.23766E+18,269.9410372,-0.106667664,19.32123,24.75724,22.41296,20.52265
1.23765E+18,270.1109856,0.050377489,20.72795,23.64516,21.66777,20.73015
1.23765E+18,269.8827151,0.033408161,20.76713,25.54934,23.47912,21.17661
1.23765E+18,270.1123373,0.048629421,21.06475,24.92031,22.44845,21.55844
1.23766E+18,270.0054359,-0.122381248,20.84256,26.2121,22.28547,20.78881
1.23765E+18,270.1105155,0.054814238,17.35677,18.90879,18.18735,17.76891
1.23765E+18,270.1225789,0.014324266,19.39681,20.91461,20.18888,21.66654
1.23765E+18,270.0003942,0.123484238,18.79314,26.91418,25.30205,25.32923
1.23765E+18,270.0635434,0.106184863,12.58158,15.12017,15.02235,13.10574
1.23766E+18,269.9445315,-0.110680496,22.82614,24.8864,22.15576,21.24944
1.23765E+18,269.8768775,0.016797963,16.84353,18.35044,17.38761,16.90118
1.23765E+18,270.0278438,0.12119259,19.94449,22.9835,20.99406,20.38236
1.23766E+18,270.0347805,-0.119790417,22.82723,23.72706,24.80633,22.63345
1.23765E+18,269.9847164,0.123850085,21.40129,24.24537,22.27121,21.65356
1.23766E+18,269.947207,-0.113073166,22.8255,25.11515,22.05299,18.84773
1.23765E+18,270.116758,0.044280017,18.84204,21.18008,19.73468,19.21972
1.23765E+18,269.9240402,0.099127344,18.50537,20.01709,19.10976,18.69097
1.23765E+18,270.1232434,0.020226982,20.39255,21.868,20.75584,20.42617
1.23766E+18,270.0347359,-0.120252234,16.64527,18.52611,17.48095,16.84559
1.23765E+18,270.1133561,0.054281472,21.11112,23.60454,22.15436,21.65807
1.23765E+18,270.0860796,0.091600843,19.94341,25.11587,24.80302,21.26302
1.23765E+18,270.1133753,0.054978508,20.00751,26.03553,22.33815,21.19331
1.23766E+18,270.0081062,-0.12602922,20.43794,22.48812,21.29524,20.72404
1.23765E+18,269.9187226,0.096702686,21.39053,25.64787,23.88582,21.82672
1.23766E+18,270.057659,-0.113142476,17.85619,19.62585,18.60848,18.02823
1.23765E+18,270.0904435,0.089767043,19.29195,23.805,21.32949,19.97353
1.23766E+18,270.0693907,-0.107151425,21.75693,26.9211,25.22982,25.45362
1.23765E+18,269.8987949,0.077820109,18.95641,20.62654,19.68105,19.25647
1.23765E+18,269.9220827,0.101201404,21.56078,24.9123,23.43647,22.42611
1.23766E+18,269.9402077,-0.112926988,22.8242,24.03495,21.83426,20.74877
1.23765E+18,270.1243048,0.030117887,19.93092,22.56304,21.42632,20.57599
1.23766E+18,269.9543542,-0.119561045,18.50071,19.98062,19.20458,18.68839
1.23766E+18,269.9897555,-0.128019197,19.69939,21.66372,20.46607,19.8898
1.23766E+18,270.0431986,-0.121297558,18.89164,20.42489,19.54562,19.00888
1.23765E+18,270.0190348,0.127516667,21.98945,24.04924,21.85707,21.24008
1.23766E+18,269.9761125,-0.12696237,19.10447,24.93292,21.4576,19.86172
1.23765E+18,269.9826544,0.128079879,17.8213,20.21056,18.74461,18.16568
1.23765E+18,270.0136861,0.128588977,20.70695,23.98643,22.6611,21.39482
1.23766E+18,270.0268844,-0.12649862,22.82886,20.19264,19.27879,19.19272
1.23766E+18,270.0275003,-0.126462513,28.03068,30.95968,30.4142,16.24282
1.23765E+18,269.8938623,0.074848511,22.79262,24.91548,22.81397,21.72422
1.23766E+18,269.9195367,-0.10213311,26.80934,31.76247,31.80996,15.98246
1.23766E+18,270.0584729,-0.116296521,18.14792,20.03891,18.95181,18.28775
1.23766E+18,269.9319344,-0.11102068,19.26969,22.54034,20.73261,19.79295
1.23765E+18,270.0987845,0.084943913,21.76931,24.44644,23.24427,21.3469
1.23765E+18,270.0840439,0.099979911,19.08858,20.72147,19.80929,19.31431
1.23766E+18,270.0700883,-0.110303867,21.0855,23.94978,23.90576,21.20908
1.23765E+18,269.8693043,0.010157664,21.63971,26.06529,22.67426,21.35925
1.23766E+18,269.9442384,-0.118655863,28.20313,31.13204,30.68527,16.3703
1.23766E+18,270.0311299,-0.127782195,22.82979,18.82244,17.13284,16.4545
1.23765E+18,269.9367256,0.115332653,18.17576,19.35048,18.90155,19.65047
1.23766E+18,270.0275051,-0.128753322,16.90624,17.68289,16.79816,16.25189
1.23765E+18,269.8942457,0.078684631,19.37074,21.19993,20.29592,19.73936
1.23766E+18,270.0726815,-0.110284484,21.25302,24.67729,23.85735,21.14123
1.23766E+18,269.9823494,-0.130922485,22.6708,21.197,21.25564,24.36182
1.23765E+18,269.9910477,0.131805687,18.9029,22.99367,20.67746,19.60555
1.23765E+18,269.8872159,0.06900617,20.56359,26.67834,24.61891,21.64999
1.23766E+18,269.9392043,-0.117722943,23.86929,18.93352,17.21144,16.39874
1.23766E+18,269.9273716,-0.11173726,17.26167,19.00251,18.02367,17.65984
1.23766E+18,270.0277646,-0.130768061,16.46731,27.73704,27.32025,26.46369
1.23765E+18,269.983249,0.132680031,21.17004,25.39425,22.52337,22.0582
1.23765E+18,269.9329867,0.116276555,21.61703,24.03389,23.27414,21.87448
1.23765E+18,269.9098597,0.099814564,21.65069,24.13943,22.93413,21.67607
1.23765E+18,269.9561499,0.127238982,16.57661,18.56996,17.01447,16.60516
1.23766E+18,270.0283865,-0.131638728,22.35986,25.23859,21.8323,20.47907
1.23765E+18,269.9384483,0.119970145,20.22062,21.10797,21.51162,19.78704
1.23765E+18,269.8937529,0.083105243,18.2612,19.67075,18.85626,18.3999
1.23765E+18,269.896303,0.086320515,18.15482,21.1796,19.48786,18.39307
1.23766E+18,269.9747376,-0.132729695,19.10387,20.79419,19.88925,19.47728
1.23766E+18,269.9419442,-0.122319322,23.10716,22.44137,21.89586,21.08859
1.23765E+18,269.8922783,0.082088239,21.24165,23.12193,22.1142,21.27927
1.23765E+18,270.0761354,0.112038297,21.7234,24.49113,22.37717,21.57738
1.23765E+18,269.8724323,0.046180753,16.93174,18.10728,17.42693,17.23907
1.23766E+18,270.0302557,-0.132354617,22.16654,25.66354,22.35532,21.25655
1.23765E+18,269.9431688,0.12345682,20.32689,22.19248,21.54723,21.06103
1.23766E+18,269.9156956,-0.106802999,22.29567,25.11439,21.38354,20.43332
1.23766E+18,269.9112402,-0.103475757,26.77965,29.39668,16.51255,15.18798
1.23766E+18,270.0428175,-0.129837439,19.5983,24.42648,21.1141,20.17256
1.23766E+18,269.9158383,-0.107759726,17.86356,19.41605,18.47338,18.10541
1.23766E+18,270.0032023,-0.136921383,22.65788,25.90281,22.64734,21.44585
1.23766E+18,270.0426818,-0.130378373,20.54759,21.84604,20.82472,20.14581
1.23766E+18,269.9136291,-0.106626201,19.83111,25.25514,21.26839,20.08335
1.23766E+18,269.9335205,-0.12004662,17.78054,19.4242,18.53128,18.01163
1.23766E+18,270.0229818,-0.135971767,19.71172,21.82427,20.34861,19.50686
1.23765E+18,269.9424355,0.125918852,20.04446,23.58056,21.4627,20.74985
1.23766E+18,270.0906248,-0.104766797,17.22296,18.97656,17.96274,17.36159
1.23765E+18,270.0034392,0.138641619,17.67689,19.12758,18.08125,27.59533
1.23765E+18,269.9240646,0.116348186,21.64696,24.93931,23.67223,21.2851
1.23766E+18,270.0572059,-0.126692988,19.18776,20.36411,19.61985,19.17669
1.23766E+18,269.9773378,-0.137183115,19.67348,21.42198,20.41616,19.89153
1.23766E+18,269.9737908,-0.137334063,18.27365,20.4285,19.32665,18.53847
1.23766E+18,270.0522682,-0.12999229,21.06438,23.43402,21.47611,20.66304
1.23765E+18,270.0251179,0.137883045,21.18143,23.92601,22.26438,21.77609
1.23765E+18,270.0060035,0.140150526,22.32734,26.15812,23.25331,21.58993
1.23765E+18,269.8965412,0.09486807,22.11959,25.28171,22.03789,21.36893
1.23765E+18,269.9168979,0.113430531,22.84361,25.5491,23.72677,22.41253
1.23766E+18,269.9939084,-0.14051469,19.33112,21.20571,20.30966,19.80023
1.23766E+18,270.0666817,-0.124429771,22.62805,23.02295,22.15778,21.31823
1.23765E+18,270.0046587,0.141198625,16.85438,18.37022,17.42057,17.0287
1.23766E+18,269.9415012,-0.12862403,18.41015,22.94086,20.90563,19.33068
1.23765E+18,269.8955519,0.095333767,21.93073,24.36903,22.41455,22.17236
1.23765E+18,269.898698,0.098851214,18.24178,19.54548,18.833,18.47834
1.23765E+18,269.8578425,0.000492585,21.33297,25.60668,22.29308,20.91528
1.23766E+18,269.9503004,-0.133367537,18.57394,20.95399,19.67395,19.10582
1.23765E+18,269.8858101,0.085147595,18.7043,21.2936,19.75013,18.95768
1.23765E+18,269.8989894,0.101352541,22.24697,25.08398,23.80144,21.765
1.23766E+18,269.9172986,-0.11698979,18.94027,20.5506,19.66269,19.28214
1.23766E+18,270.0859646,-0.115001823,22.24681,22.92003,22.0807,21.2968
1.23765E+18,269.8886709,0.090768949,17.79198,19.61552,18.54541,18.07538
1.23766E+18,269.9228744,-0.121231296,20.7403,23.98828,21.46757,20.9915
1.23766E+18,270.0084318,-0.143673869,19.99951,21.64347,20.76435,20.2085
1.23765E+18,269.9395017,0.13093002,20.01958,22.38131,20.96354,20.19664
1.23765E+18,269.9398609,0.131316958,19.82831,22.49505,21.00401,20.43044
1.23765E+18,269.8631988,0.046402344,21.51771,24.21905,22.6331,21.20256
1.23765E+18,270.1246905,0.073107823,14.53683,16.72345,15.37556,14.8197
1.23765E+18,269.9306511,0.126976273,22.41991,23.63554,22.59807,22.06895
1.23765E+18,269.9135753,0.116329246,19.36462,21.76711,20.2507,19.51153
1.23766E+18,269.9000615,-0.105308182,18.81383,20.36153,19.47107,19.13005
1.23766E+18,269.979917,-0.143981362,23.56631,24.71144,25.76318,21.84963
1.23765E+18,269.923985,0.123936255,19.27757,21.55048,20.16605,19.60493
1.23766E+18,270.059978,-0.132582708,20.42733,25.76189,22.14724,20.81882
1.23766E+18,270.0436152,-0.1389572,20.06765,24.43571,22.12232,20.61357
1.23765E+18,269.915283,0.118909675,23.29396,25.58878,23.72517,22.72927
1.23766E+18,269.9461157,-0.136066943,19.89478,21.76517,20.97919,20.25949
1.23766E+18,269.905174,-0.112042483,19.22136,22.35662,20.43136,19.77617
1.23765E+18,269.8532195,0.013024038,22.48305,25.64878,23.53174,21.53998
1.23766E+18,269.9833707,-0.146529057,22.82691,25.11439,21.46983,19.97493
1.23765E+18,270.003228,0.147498345,21.20149,25.07463,23.67739,21.23036
1.23766E+18,270.1064652,-0.102174141,17.98739,19.97136,18.8189,18.15573
1.23766E+18,270.0994,-0.109153818,18.86057,25.46952,21.51521,19.76282
1.23765E+18,270.0168439,0.1466756,20.94856,24.34026,22.55194,21.78531
1.23766E+18,269.8966974,-0.106239622,20.33775,23.14762,22.00331,20.45749
1.23765E+18,269.996786,0.148204607,18.92417,21.68323,19.98091,19.32883
1.23766E+18,270.0459571,-0.140943946,18.51693,20.43969,19.22838,18.62276
1.23765E+18,269.9325194,0.132319329,22.01464,24.5873,23.28427,21.83022
1.23765E+18,269.9159455,0.122900577,21.52797,23.10143,22.00503,19.46259
1.23766E+18,270.0531482,-0.139163124,21.28885,22.24875,21.19692,20.55443
1.23765E+18,270.0938901,0.115901864,20.96846,23.00463,21.73007,21.34061
1.23766E+18,270.0873223,-0.120997171,22.82387,22.07937,23.46204,20.75845
1.23765E+18,269.8763902,0.083608157,18.34061,23.37982,22.25364,21.07099
1.23766E+18,269.8939613,-0.10534877,15.74019,18.39855,16.91165,16.25368
1.23766E+18,270.0189501,-0.148437066,18.32645,20.3789,19.25036,18.52133
1.23765E+18,269.8584095,0.049444122,17.92904,19.75687,18.66278,18.20035
1.23766E+18,269.8892477,-0.101129751,19.76784,26.40994,22.35104,20.82841
1.23766E+18,270.0775086,-0.128449012,22.05538,26.14715,24.79933,20.7338
1.23766E+18,270.0630044,-0.136299172,19.18446,19.12313,18.8419,18.18347
1.23766E+18,269.9010392,-0.112974919,16.23149,17.83899,16.85188,16.51188
1.23765E+18,269.9227955,0.12883488,21.42849,24.02635,22.72436,21.87782
1.23766E+18,269.9409738,-0.138396693,17.09936,18.38774,17.89865,17.47054
1.23765E+18,269.8604597,0.056923635,18.26488,19.65227,18.83661,18.42777
1.23766E+18,270.0345722,-0.14677352,17.97952,20.49064,19.36579,18.42518
1.23766E+18,270.0945482,-0.117629095,19.37856,25.18345,21.07332,19.88735
1.23765E+18,269.9342153,0.135834888,20.17431,23.37538,21.48645,20.65451
1.23766E+18,270.1108899,-0.102494363,19.39314,20.8924,19.92256,19.4198
1.23766E+18,270.000968,-0.151017214,19.40113,25.11099,21.05865,19.74405
1.23766E+18,270.1056846,-0.108056002,21.36568,22.34682,21.23989,20.61934
1.23766E+18,269.9479638,-0.142132099,19.54796,22.18753,20.49521,19.83575
1.23766E+18,270.0922723,-0.11999518,20.35839,24.43089,22.36451,20.6302
1.23766E+18,270.1007217,-0.113230877,16.21573,17.70962,16.87443,16.32522
1.23765E+18,269.916329,0.126405851,21.6025,24.85944,23.09591,22.48678
1.23766E+18,269.9570284,-0.145401104,20.66302,23.28818,21.87066,20.81515
1.23765E+18,269.978955,0.150199263,20.26792,22.72816,21.26917,21.03161
1.23766E+18,270.0568072,-0.140891647,18.79988,20.41536,19.39412,18.91353
1.23766E+18,270.1084744,-0.106447209,17.93864,19.64706,18.7001,18.12992
1.23766E+18,269.8944133,-0.109339947,20.25033,22.99716,20.96944,20.48459
1.23765E+18,269.9064386,0.119931666,18.66797,20.25645,19.33924,18.93418
1.23766E+18,269.9872929,-0.151780171,22.82762,18.78282,17.95185,17.4743
1.23765E+18,269.9094435,0.122510086,19.88623,23.57085,22.50576,20.77124
1.23765E+18,269.890963,0.106573111,20.37272,23.39135,21.20566,20.52135
1.23765E+18,269.8887028,0.104427848,19.86317,21.86487,20.81786,20.3327
1.23766E+18,269.9227067,-0.131674631,20.09617,22.15722,20.62503,20.03788
1.23765E+18,269.871067,0.081816593,23.46503,17.20887,16.39493,16.17904
1.23766E+18,270.0023037,-0.153054916,13.9501,15.15763,14.44859,13.78972
1.23766E+18,269.9761384,-0.151338749,23.0267,25.66885,24.65494,21.71124
1.23766E+18,270.0359142,-0.149182127,20.01756,20.79739,20.02859,19.56745
1.23766E+18,269.9884636,-0.153053644,16.77825,19.13478,17.63101,16.86872
1.23766E+18,270.093393,-0.121963356,19.63943,23.72075,21.30375,20.04212
1.23766E+18,269.9071864,-0.1225025,17.01543,19.72298,18.07907,17.5211
1.23766E+18,270.0520423,-0.144939594,19.16563,20.89459,19.89588,19.29694
1.23766E+18,269.9291031,-0.136767438,19.42692,21.14713,20.07001,19.70284
1.23766E+18,269.9714805,-0.151588332,18.46348,20.40344,19.43486,18.79234
1.23765E+18,269.8457319,0.004067976,21.48282,23.80893,21.85219,21.16549
1.23765E+18,269.8931872,0.111609227,18.15884,19.48649,18.66875,18.27006
1.23766E+18,270.0235653,-0.152760543,19.85139,22.32268,20.8569,20.24486
1.23766E+18,270.1097449,-0.109040129,22.9564,23.39103,25.05016,19.55496
1.23766E+18,269.9016684,-0.119500972,20.12505,24.91039,21.77291,20.65288
1.23766E+18,269.9671299,-0.151237786,19.7043,21.674,20.75929,20.27336
1.23766E+18,270.0979011,-0.120130237,19.94251,26.65401,23.48062,20.76561
1.23765E+18,269.8697221,0.084102312,18.65398,25.10608,24.81236,24.35578
1.23766E+18,269.980077,-0.153804918,18.90472,21.196,21.48198,19.21292
1.23766E+18,270.0026702,-0.155130766,17.45805,18.4013,17.52139,17.38506
1.23766E+18,270.0899586,-0.126459153,16.30013,18.23868,17.16662,16.48827
1.23766E+18,270.0583722,-0.143905351,19.8657,22.34111,21.69374,20.56174
1.23765E+18,269.8450635,0.010811879,21.10124,24.99776,21.7577,21.71688
1.23765E+18,269.9955573,0.1553276,20.49735,23.43181,21.60221,20.83586
1.23765E+18,269.8997198,0.118913013,20.68074,25.07999,21.76599,20.79783
1.23766E+18,269.993737,-0.155609155,19.01821,21.02824,24.80212,24.36175
1.23765E+18,270.1150806,0.105074191,12.7258,14.57418,13.70343,12.73697
1.23766E+18,269.8981469,-0.11796195,17.34326,16.2621,16.8102,15.59478
1.23766E+18,270.0896692,-0.127536493,18.62981,22.48298,20.42485,19.13585
1.23765E+18,269.9195642,0.133653475,19.0396,21.2223,19.92851,19.3063
1.23765E+18,269.8846428,0.105174722,22.67192,25.88983,24.1079,22.06653
1.23766E+18,269.9769845,-0.154725042,20.4578,22.11683,21.21004,20.65502
1.23766E+18,269.9231731,-0.136291566,20.08264,25.73973,21.32421,20.2246
1.23765E+18,269.9253953,0.137732596,18.92233,22.92566,20.70776,19.6146
1.23766E+18,270.0362642,-0.152678197,19.41712,21.90308,20.44577,19.76581
1.23766E+18,270.108541,-0.113551129,21.94467,24.75058,23.92433,20.98711
1.23766E+18,270.1166197,-0.105623257,18.98892,20.93648,19.86926,19.26088
1.23766E+18,270.0308882,-0.154280962,19.85108,23.04242,21.11714,20.19097
1.23766E+18,269.8901202,-0.112656206,19.75786,23.94675,21.46755,20.67834
1.23765E+18,269.8613526,0.074636119,17.37114,20.60865,19.37679,18.10102
1.23766E+18,269.9490744,-0.149015505,19.21774,24.09632,21.42019,19.94326
1.23765E+18,269.8955654,0.118489791,17.99858,19.79116,18.78082,18.31411
1.23765E+18,269.8419176,0.005485902,21.34483,25.38172,23.01491,21.93059
1.23766E+18,269.8960569,-0.119587525,17.71295,19.24017,18.35343,18.03892
1.23765E+18,269.9307344,0.142523233,20.78623,25.15192,21.38308,19.73491
1.23765E+18,269.8643603,0.082794127,22.24372,23.99222,22.53391,21.60981
1.23766E+18,270.0429683,-0.153052547,19.71049,21.42272,20.62581,19.84923
1.23766E+18,269.9717937,-0.156449057,18.89983,23.82137,21.12771,19.69214
1.23766E+18,270.0728626,-0.141432119,19.7887,22.83361,21.89191,20.16487
1.23766E+18,269.9562256,-0.153040981,19.52481,25.07877,23.42226,20.44859
1.23765E+18,269.8409135,0.008521981,19.31178,22.78729,21.38519,19.92213
1.23765E+18,269.8563898,0.069976312,17.28218,19.14057,18.06001,17.54676
1.23766E+18,269.9828835,-0.159008517,18.90964,20.37694,19.55623,19.04647
1.23766E+18,269.932942,-0.145209735,17.48472,19.03063,18.21074,17.72846
1.23765E+18,269.844335,0.036819283,19.40316,23.3975,21.48433,20.02237
1.23765E+18,269.8839447,0.110252799,22.54951,25.73016,24.98014,23.11601
1.23766E+18,269.9450847,-0.150533325,17.77323,19.44239,18.44857,17.89212
1.23766E+18,269.9205597,-0.139221736,22.01496,26.40443,23.19896,21.54202
1.23765E+18,269.8823378,0.108968419,21.07183,24.99701,22.72821,21.35529
1.23766E+18,270.0602496,-0.149021232,21.6597,23.47443,21.15949,20.51877
1.23765E+18,269.8396525,0.013997544,17.68607,20.67884,19.09351,18.17963
1.23766E+18,270.0977565,-0.127872648,20.57434,23.85187,22.11391,21.06959
1.23766E+18,269.9395984,-0.149262746,18.84385,20.2754,19.35179,18.7573
1.23765E+18,269.9821122,0.16004481,18.71994,21.58771,19.83911,19.2466
1.23765E+18,269.9399352,0.149774739,18.89841,20.40319,19.53978,19.2484
1.23765E+18,269.8382584,0.00051755,20.60964,23.23714,22.0617,21.15997
1.23766E+18,269.9829317,-0.160915795,21.25622,25.27025,23.40402,21.46596
1.23766E+18,269.8740249,-0.101669972,20.78222,22.98298,21.47378,21.04216
1.23766E+18,270.0082186,-0.161736369,22.77959,25.12363,21.86289,20.52844
1.23766E+18,270.0561834,-0.152127624,20.68091,22.42133,21.17726,20.54361
1.23765E+18,269.9902634,0.162183005,21.45058,23.89131,21.66298,21.09695
1.23766E+18,270.0150022,-0.161784578,17.35123,19.15282,18.31943,18.09833
1.23766E+18,269.9174837,-0.139985776,20.93816,22.07179,21.1347,20.62897
1.23766E+18,270.1190345,-0.110843027,20.43902,22.7021,21.43246,20.73741
1.23766E+18,269.8996968,-0.128318662,19.55639,20.8432,20.01636,19.77437
1.23766E+18,269.9122048,-0.137316101,19.34708,21.40973,20.3008,19.99747
1.23766E+18,269.9180801,-0.140935979,20.65103,22.25121,21.10612,20.63806
1.23766E+18,270.0736093,-0.145625678,20.36154,18.87783,24.88977,24.78131
1.23765E+18,269.8367973,0.00807535,21.2189,25.20932,23.65877,21.68184
1.23765E+18,269.8378231,0.020531261,16.63109,18.45175,17.42221,16.98014
1.23766E+18,269.8849473,-0.116194473,19.54095,20.81457,19.43226,20.73891
1.23766E+18,269.8882547,-0.119401178,19.6841,25.12812,21.59632,20.8089
1.23766E+18,269.9085672,-0.135641851,20.60139,22.59687,21.52245,20.63858
1.23765E+18,269.9131587,0.138729992,19.63973,21.70889,20.56576,20.02853
1.23766E+18,269.9488009,-0.15583317,17.98648,20.003,18.84496,18.23796
1.23766E+18,269.92531,-0.146076457,18.44805,22.70158,20.44951,19.25121
1.23765E+18,269.8781262,0.109976164,18.86378,21.09395,19.97261,19.20996
1.23766E+18,269.8723953,-0.103290711,18.74829,20.21101,19.31867,19.09941
1.23765E+18,269.944673,0.15468687,18.15265,20.46085,19.0693,18.45257
1.23766E+18,269.9751595,-0.16248379,18.61307,20.18685,19.28393,18.79879
1.23765E+18,269.8947158,0.126370195,23.3932,24.63692,23.7399,22.08038
1.23765E+18,269.999467,0.16465814,21.75951,22.94473,21.90552,21.25039
1.23766E+18,269.9494253,-0.15678075,19.82221,21.14567,20.36565,19.96554
1.23765E+18,269.8518654,0.073190088,19.21163,20.38373,19.66757,19.11365
1.23766E+18,269.9315226,-0.150485662,18.54922,21.25868,19.78843,19.03715
1.23766E+18,269.9049906,-0.13541371,18.08854,20.30654,19.20752,18.59394
1.23766E+18,270.0271321,-0.163369506,23.68172,18.93916,18.64833,26.36915
1.23766E+18,270.1154297,-0.118831661,22.82691,21.18062,20.17101,18.66748
1.23765E+18,269.8954032,0.129328024,20.23514,22.82127,21.28304,20.57203
1.23766E+18,269.8924218,-0.126926224,19.34741,22.20322,21.02083,19.36492
1.23766E+18,269.9331145,-0.152360029,18.09937,20.93221,19.24973,18.45811
1.23766E+18,269.8781004,-0.113421266,18.89657,20.64614,19.63008,19.2715
1.23766E+18,270.1240081,-0.111155455,17.62103,19.38755,18.34589,17.77955
1.23765E+18,269.8542078,0.080870295,22.0036,24.9376,23.97226,21.58631
1.23766E+18,269.9604338,-0.162159002,19.91591,21.1574,20.51663,20.0378
1.23766E+18,270.1024187,-0.131908764,20.70666,23.28737,21.6004,20.81113
1.23765E+18,269.9378076,0.155172923,22.16915,22.95668,22.13841,21.54806
1.23765E+18,269.83276,0.00286388,20.68893,25.88006,23.57025,21.98645
1.23766E+18,270.0143415,-0.166929416,19.59915,21.88784,20.68609,19.82423
1.23766E+18,270.0208655,-0.16633764,18.64313,22.22176,20.27614,19.0847
1.23765E+18,269.9920637,0.167491345,20.73425,22.69699,21.39627,20.88486
1.23766E+18,269.9633296,-0.163644049,19.85465,24.90833,20.84316,20.11521
1.23766E+18,270.0058017,-0.167721209,19.61827,23.61762,21.57717,19.95991
1.23765E+18,269.8781401,0.115665848,22.90558,23.96152,22.66603,22.38172
1.23766E+18,270.117406,-0.120222883,26.51754,18.61687,28.78666,16.99416
1.23765E+18,269.9807498,0.167107023,21.48978,24.5775,22.23975,21.67688
1.23766E+18,270.0781206,-0.14903437,16.33153,19.57917,17.94926,16.78054
1.23766E+18,270.0214659,-0.167234936,21.00057,23.2269,21.72716,20.65046
1.23765E+18,269.9712054,0.166150984,21.59478,25.1075,23.11089,21.40679
1.23766E+18,269.9709246,-0.166184675,19.57795,21.7154,20.60587,19.92729
1.23766E+18,269.940724,-0.158172301,20.72943,24.55145,22.01454,21.11738
1.23766E+18,269.8933932,-0.13134678,19.73025,23.4093,21.22215,20.38239
1.23765E+18,269.8807525,0.120061167,28.28874,30.33457,29.98954,15.16646
1.23766E+18,269.8723359,-0.111083028,18.8918,20.49896,19.61203,19.254
1.23765E+18,269.9589671,0.164213573,18.30319,19.66371,18.86076,18.5144
1.23766E+18,269.9970808,-0.169421472,19.10735,21.75266,20.58928,19.76442
1.23766E+18,269.9648829,-0.16578513,20.17561,22.68645,21.01217,20.40272
1.23766E+18,269.9514413,-0.162366015,21.258,22.54335,21.37691,20.68279
1.23765E+18,269.8304954,0.004365566,19.53314,22.92971,21.09784,20.27589
1.23766E+18,269.9763976,-0.168314599,21.62058,21.9481,21.2732,20.78542
1.23766E+18,270.1247659,-0.115647876,18.91263,22.85707,20.22878,19.38698
1.23766E+18,269.9245855,-0.152662404,20.10143,21.98216,21.07737,20.62234
1.23766E+18,270.0369033,-0.166331163,19.92841,25.22748,22.59952,20.39414
1.23766E+18,269.9400937,-0.159642265,20.67931,22.89072,21.39657,21.17197
1.23765E+18,269.9104192,0.145430307,20.19509,24.10945,22.54959,21.2804
1.23765E+18,269.8795654,0.121135485,17.46057,21.00792,26.0877,16.59188
1.23766E+18,269.927124,-0.154520992,19.5366,21.13155,20.14632,19.68663
1.23766E+18,269.9952819,-0.170978693,19.65411,22.9037,20.92361,20.05557
1.23765E+18,269.9645692,0.167406502,17.6184,20.11564,19.85688,18.3775
1.23765E+18,269.9468357,0.162650525,20.52151,25.1146,22.51172,21.35092
1.23766E+18,269.9145809,-0.1483302,19.01842,22.55059,20.26913,19.68285
1.23765E+18,269.9414463,0.16110463,21.1575,23.3146,21.74693,21.65911
1.23766E+18,269.9542795,-0.165334761,22.32158,25.59372,22.5422,21.66867
1.23765E+18,269.8284132,-0.00070243,21.36188,24.18186,22.79588,21.46387
1.23766E+18,269.9145825,-0.149474224,22.42697,23.40054,22.18688,21.57692
1.23765E+18,270.0134983,0.17188476,20.13798,22.41358,20.94491,20.53883
1.23765E+18,269.9120848,0.148325824,21.29962,22.51815,21.58215,21.15241
1.23766E+18,269.8707936,-0.11430868,18.74609,22.4754,19.84734,19.06882
1.23766E+18,270.0521129,-0.164539298,18.80111,20.27844,19.46284,18.98142
1.23765E+18,269.9816479,0.171641059,21.31231,25.71984,22.2103,21.40248
1.23765E+18,269.8670309,0.110304159,18.49977,20.30961,19.58687,25.60696
1.23765E+18,269.8694494,0.11338667,19.1795,21.30308,20.18419,19.60421
1.23766E+18,270.1280291,-0.116366026,20.64835,22.68155,21.27958,20.60003
1.23765E+18,269.8366455,0.058355352,21.2601,21.60114,21.14351,20.72939
1.23765E+18,269.8261825,0.002154595,18.95873,22.12472,20.46438,19.48261
1.23765E+18,269.9258868,0.157559903,20.53972,22.26593,20.98757,20.36411
1.23765E+18,270.0000329,0.174497048,20.50105,22.77544,21.70228,21.26473
1.23765E+18,270.1078567,0.137295215,22.07411,21.96941,21.63265,21.25996
1.23766E+18,269.8606376,-0.105213732,18.65893,23.31747,20.83211,19.60904
1.23766E+18,269.8663002,-0.112335464,22.25479,23.48897,22.59167,21.12945
1.23766E+18,269.8914135,-0.136779852,21.72113,23.80753,23.06149,20.99104
1.23766E+18,270.0373983,-0.170624668,18.6923,21.35623,19.71674,18.95496
1.23765E+18,269.8559165,0.098903214,19.01675,22.23766,20.32163,19.50489
1.23765E+18,270.056275,0.165465344,16.01053,17.36583,16.52195,16.17872
1.23766E+18,269.9672415,-0.17171972,20.54558,26.11717,22.02077,20.34817
1.23765E+18,269.8761392,0.123444412,20.83262,22.99671,21.57627,21.21926
1.23766E+18,270.0590046,-0.165085953,19.18566,23.11338,21.11279,19.55307
1.23766E+18,269.9358809,-0.163189015,18.8469,20.42449,19.53555,19.0824
1.23766E+18,269.9091918,-0.149991601,19.76034,21.15488,20.31574,20.01818
1.23765E+18,269.8363845,0.064196673,19.79677,21.6402,20.59414,20.00627
1.23766E+18,269.9174404,-0.155272141,18.6391,21.25455,19.9993,19.21504
1.23765E+18,269.9040475,0.147592705,19.60326,20.76294,20.47848,19.98484
1.23765E+18,269.9275975,0.160676447,22.52362,23.97088,22.46455,21.21602
1.23766E+18,269.8599607,-0.107044151,21.79333,24.68641,22.64206,21.56257
1.23766E+18,269.9179636,-0.156054398,19.88147,23.09375,21.47044,20.32323
1.23766E+18,270.1239131,-0.125474247,21.57013,23.63169,22.59171,21.27943
1.23765E+18,269.8669591,0.115794826,19.35016,21.75099,20.48171,19.77712
1.23765E+18,269.903363,0.147689825,22.82732,25.13076,24.80173,21.60018
1.23765E+18,269.9969303,0.17648295,17.86504,19.56903,18.58123,18.16754
1.23766E+18,270.0979175,-0.147379261,22.81161,25.11058,20.40944,19.98633
1.23766E+18,270.0115608,-0.176602155,17.55725,19.05098,18.22248,17.72058
1.23765E+18,269.9196488,0.157699184,19.92596,24.32847,24.80182,24.36229
1.23766E+18,270.1451992,-0.101270777,19.54506,21.78739,20.47687,19.85815
1.23765E+18,269.911614,0.153415093,19.00151,21.7102,20.41164,19.50027
1.23765E+18,269.934658,0.164653078,20.17129,21.60925,20.57024,20.08183
1.23766E+18,269.9208761,-0.158621577,15.53476,16.86936,16.1188,15.81717
1.23766E+18,269.9335559,-0.164368204,18.73075,20.1862,19.43947,18.95245
1.23766E+18,270.1340521,-0.116218202,17.00858,17.76074,17.73476,25.99833
1.23766E+18,269.9773612,-0.176029553,19.81136,22.10301,21.08526,20.63841
1.23765E+18,269.8369419,0.070199035,18.89944,20.40879,19.49231,19.11133
1.23766E+18,270.1012029,-0.146206929,22.82691,23.39149,20.98529,19.74347
1.23765E+18,269.8632688,0.113802748,21.87202,24.97322,24.80204,21.68665
1.23766E+18,270.0638372,-0.166423046,20.06274,24.20769,22.32158,20.73507
1.23766E+18,269.9367087,-0.166673639,19.58119,22.94867,21.14983,20.07548
1.23765E+18,269.8492702,0.095226482,20.68673,23.72578,22.33334,21.53707
1.23766E+18,269.865954,-0.118117117,21.91463,25.662,21.68309,21.42795
1.23766E+18,269.9608396,-0.174354946,22.90959,25.96643,23.88049,21.12986
1.23765E+18,269.9619271,0.174810146,23.08637,25.11437,24.14975,24.03556
1.23765E+18,270.1112053,0.140184275,21.54232,24.98303,23.75673,21.84614
1.23765E+18,269.9100177,0.154678406,21.24334,24.97376,22.52844,21.98033
1.23765E+18,270.1156202,0.136645782,17.27837,19.3903,18.64097,17.46708
1.23765E+18,269.9020681,0.150019315,16.39663,17.99766,17.06996,16.55864
1.23766E+18,269.8741203,-0.12748235,20.90164,25.01179,21.73628,21.13133
1.23766E+18,269.9239307,-0.162307729,20.86586,24.49877,22.04661,21.56086
1.23766E+18,270.1033098,-0.146827824,25.46396,28.57845,16.76887,15.52637
1.23766E+18,269.8759209,-0.129766281,14.12252,16.55341,15.30711,14.65106
1.23766E+18,270.0426097,-0.174571339,19.95115,24.39072,25.40874,20.57229
1.23766E+18,269.9094342,-0.155290071,20.74831,22.9655,22.77608,21.40862
1.23766E+18,270.0205479,-0.178971047,21.23644,24.30133,23.89608,21.29144
1.23766E+18,270.0572124,-0.170903254,21.87208,24.2595,22.3458,21.12606
1.23765E+18,269.8336323,0.069359624,20.08992,25.67063,22.02462,20.69538
1.23765E+18,269.9580382,0.175619972,22.82681,25.11423,24.80191,17.37902
1.23765E+18,269.904643,0.153763214,22.19708,25.30998,23.59737,21.85991
1.23765E+18,269.8577581,0.111887944,19.96084,24.70564,22.78382,20.64398
1.23765E+18,269.8466398,0.096186486,19.53865,20.99513,20.22151,19.86425
1.23765E+18,269.9014963,0.15195038,20.93937,21.11526,22.36259,24.35705
1.23765E+18,269.8299185,0.062210446,20.09115,21.92743,20.82805,20.24138
1.23765E+18,269.9932055,0.181083877,20.78312,23.66994,21.39743,20.83546
1.23766E+18,269.951251,-0.174613165,17.93317,19.59901,18.77395,18.2588
1.23765E+18,269.9603366,0.177159783,17.88101,19.25722,18.41819,18.6542
1.23766E+18,270.1254316,-0.131289901,17.95121,20.56586,19.01715,18.21997
1.23766E+18,269.875291,-0.13199084,18.623,25.11517,24.80281,20.29865
1.23766E+18,269.9052993,-0.154973685,18.08388,20.02923,18.98029,18.49318
1.23766E+18,269.9292059,-0.167396353,21.50206,24.14533,23.28024,21.66157
1.23765E+18,269.9620662,0.177803064,18.40133,19.30293,26.67918,27.07837
1.23766E+18,270.1179621,-0.138438317,17.15052,18.78107,17.8443,17.29968
1.23766E+18,269.8983353,-0.150937224,20.0427,21.86246,20.79197,20.32286
1.23766E+18,269.9973726,-0.181971839,19.31211,21.05618,20.13044,19.68376
1.23765E+18,269.8491828,0.101887173,23.15696,24.83079,22.94232,22.33479
1.23765E+18,269.9506091,0.175191856,18.27314,20.56753,19.21247,18.08326
1.23766E+18,269.888483,-0.143907842,20.62316,23.85008,21.87521,21.05328
1.23765E+18,269.9550769,0.176551956,25.27952,27.67693,16.03714,14.47544
1.23765E+18,270.0635177,0.170761471,9.471758,10.06296,8.966448,8.792519
1.23765E+18,269.9799258,0.18122227,19.90769,24.23845,21.68297,20.51365
1.23765E+18,269.9330023,0.169593865,20.42775,25.39682,23.58321,21.64702
1.23766E+18,269.8595149,-0.116321894,21.12461,26.49397,23.69324,21.16139
1.23766E+18,269.8868469,-0.143372052,18.17249,19.65264,18.83066,18.4775
1.23766E+18,270.0394829,-0.178472539,21.21043,22.48836,22.91329,21.59743
1.23765E+18,269.9552783,0.177850664,21.2014,23.36383,23.23239,24.3618
1.23765E+18,269.9801131,0.182377407,18.50718,23.79271,20.9735,19.39607
1.23766E+18,270.0690422,-0.170143175,19.91352,21.64311,20.80424,20.15319
1.23765E+18,269.8812398,0.140134334,22.60436,25.77832,21.7736,21.43461
1.23765E+18,269.8767029,0.136364463,21.85827,23.7515,22.48204,22.01179
1.23766E+18,270.0470205,-0.177772842,22.3383,23.95301,24.82909,21.28572
1.23766E+18,270.0184646,-0.182968761,22.124,22.23552,21.96009,23.84934
1.23765E+18,269.8657884,0.125931921,18.91009,21.74276,20.15785,19.35846
1.23766E+18,269.9487312,-0.176928432,19.17457,20.37956,19.74202,19.33419
1.23765E+18,269.9538709,0.178639834,18.04704,20.28033,24.82288,24.42487
1.23766E+18,270.1339631,0.127053173,19.57434,20.97932,20.21723,19.94959
1.23766E+18,270.1350688,-0.12595507,21.1329,23.81435,21.20211,20.48234
1.23766E+18,269.92646,-0.169490484,20.47823,24.9482,24.51078,20.59875
1.23766E+18,269.9491317,-0.177952434,17.44993,19.91837,18.59352,17.86182
1.23766E+18,270.0094448,-0.18497932,19.37319,20.88812,20.14895,19.54804
1.23766E+18,270.017624,-0.18443055,16.17235,17.70514,16.84659,16.30556
1.23766E+18,269.9111295,-0.162664077,17.64142,18.90045,18.31406,17.95739
1.23766E+18,269.9141209,-0.164571251,18.49177,20.70357,19.47945,19.02813
1.23765E+18,269.9489242,0.178510917,21.43108,23.81977,22.50499,21.83485
1.23766E+18,270.0486452,-0.179265885,22.05447,23.22288,22.18595,21.03398
1.23766E+18,269.9653791,-0.182509817,21.77348,23.52792,22.89076,20.63592
1.23765E+18,269.8337969,0.083398544,15.90749,17.31553,16.36387,16.13153
1.23766E+18,269.9181304,-0.166972346,17.83639,19.50997,18.60467,18.22905
1.23766E+18,270.0938549,-0.160654639,17.71953,19.20347,18.30005,17.77947
1.23765E+18,270.126167,0.136958594,19.5827,21.31262,20.21256,19.80425
1.23765E+18,270.1252768,0.137866342,21.17627,24.09323,21.90505,21.24253
1.23765E+18,269.8567897,0.119141489,19.21182,23.33643,21.02474,19.98199
1.23766E+18,270.1389123,-0.124628372,19.82934,22.587,20.8631,19.99209
1.23765E+18,270.1231587,0.140714079,18.68792,21.16752,20.02358,19.20721
1.23766E+18,270.1333543,-0.131108147,20.47701,22.51856,21.2187,20.3672
1.23765E+18,269.9392134,0.177011381,20.1094,22.67964,20.98613,20.43566
1.23766E+18,269.8572673,-0.121378234,20.1395,21.24212,20.33357,19.92904
1.23765E+18,269.8649591,0.13093861,19.33932,22.74842,21.67268,20.12753
1.23766E+18,269.8501925,-0.113957744,19.90237,22.49976,20.99818,20.23558
1.23765E+18,269.8761297,0.141810214,20.74837,25.77442,24.73662,21.88371
1.23766E+18,270.0153082,-0.187739643,22.82657,21.03054,21.49926,24.36224
1.23766E+18,270.0023075,-0.188603047,17.48582,19.30992,18.3421,17.76652
1.23766E+18,269.9842139,-0.188030917,19.89367,21.80778,20.57484,20.0007
1.23765E+18,270.0110221,0.188754034,18.02183,20.89452,19.45049,18.6006
1.23765E+18,269.9322095,0.176703117,22.72867,25.11375,21.29161,20.70492
1.23765E+18,269.8747525,0.142239863,18.40888,19.81042,18.99114,18.59404
1.23766E+18,269.9552345,-0.184176154,21.13768,24.35683,22.45149,21.0154
1.23765E+18,269.863032,0.131107162,23.10238,23.64516,22.88585,21.75093
1.23766E+18,269.920908,-0.172440526,19.15075,21.51829,20.3145,19.63874
1.23765E+18,269.9812108,0.188813228,20.94049,25.64112,22.42715,21.55465
1.23765E+18,270.1087833,0.15550799,20.99879,23.39569,22.09573,21.45286
1.23766E+18,269.8914402,-0.155728109,17.70668,19.19919,18.34851,18.0546
1.23766E+18,270.0787177,-0.172885709,18.55907,20.06214,19.26166,18.68487
1.23765E+18,269.9103491,0.167606664,17.88732,19.28871,18.42632,18.04461
1.23766E+18,270.1512491,-0.115318736,20.63845,23.82996,23.29418,21.06137
1.23765E+18,270.0238996,0.188717419,21.26468,23.52701,21.03882,20.66588
1.23765E+18,269.878047,0.146028532,21.12299,26.66218,23.30745,21.462
1.23766E+18,269.8559604,-0.124474099,19.09128,21.76585,20.11002,19.5085
1.23766E+18,270.0316472,-0.187753353,19.06155,21.45971,20.14174,19.4078
1.23766E+18,269.8577484,-0.126682419,19.03203,20.87532,19.83637,19.38163
1.23766E+18,269.9039871,-0.164722918,19.82188,21.47136,20.41941,20.02537
1.23766E+18,270.1451547,0.123656304,22.22583,23.8248,21.90675,21.72579
1.23766E+18,270.0106564,-0.19038766,19.18946,22.11133,20.44171,19.76635
1.23765E+18,269.9316251,0.178480211,22.52204,23.66873,22.20275,21.10718
1.23765E+18,269.8836094,0.151847834,21.96645,22.45109,21.67482,21.3886
1.23766E+18,269.9131853,-0.170534647,19.07812,23.74599,24.53747,20.27451
1.23766E+18,269.9855342,-0.190837174,19.76134,21.20758,19.95169,19.3312
1.23765E+18,269.9482186,0.184286108,21.06197,23.55309,22.47158,21.72978
1.23766E+18,270.0501871,-0.184747932,18.59947,20.41866,19.43263,18.8293
1.23766E+18,269.910034,-0.169111582,21.91985,23.68554,24.71616,21.15352
1.23766E+18,270.1619804,-0.102661759,18.26171,19.82627,18.97232,18.37578
1.23765E+18,269.9306649,0.178935869,22.84496,23.10841,23.63801,21.6063
1.23766E+18,270.1456702,-0.124980698,20.66535,24.84165,22.21635,20.96125
1.23765E+18,270.0153208,0.191714235,21.71,22.98488,22.28154,21.53833
1.23766E+18,270.1159132,-0.153472948,20.46816,22.68258,21.76192,20.88927
1.23766E+18,269.9752304,-0.190944534,18.39709,20.28146,19.48058,18.85723
1.23765E+18,270.0109236,0.192311649,17.41965,19.65516,18.40214,17.80645
1.23766E+18,269.9350056,-0.181366985,20.55143,24.90655,21.91737,20.87489
1.23765E+18,269.8150932,0.055698388,14.07578,15.76208,14.51622,14.29214
1.23766E+18,270.0384791,-0.189328302,20.74843,22.19407,22.00219,20.80752
1.23766E+18,269.8770143,-0.149021905,17.59748,19.33155,18.3434,17.93626
1.23766E+18,270.0475218,-0.18731048,19.01589,23.10624,21.36311,19.90491
1.23766E+18,269.8603674,-0.133613599,19.27032,25.11514,24.80298,24.36147
1.23766E+18,270.1207592,-0.151159579,17.70865,19.41332,18.43781,17.96281
1.23766E+18,270.156291,0.114171453,18.3925,19.98835,18.92787,18.6539
1.23765E+18,269.9338405,0.181902733,18.45126,20.32496,19.07084,18.55662
1.23766E+18,270.1368251,-0.13701986,19.91603,22.87954,21.17426,20.505
1.23765E+18,269.9744168,0.191983739,21.3114,24.73136,22.149,21.56206
1.23765E+18,269.9762664,0.192375939,18.77901,20.33724,19.3049,18.95548
1.23765E+18,270.0406771,0.189537637,21.4083,21.78028,22.68759,21.8102
1.23766E+18,269.8931579,-0.16175453,21.28723,24.07745,21.66281,21.19716
1.23765E+18,269.9074064,0.170352451,19.91724,23.66685,21.45632,20.35729
1.23766E+18,269.8562863,-0.130439996,22.16258,22.85438,21.4891,21.00211
1.23765E+18,270.0419501,0.189526762,18.61373,23.682,20.01078,19.2944
1.23765E+18,269.9440252,0.186201817,20.46034,23.07872,21.41004,20.69818
1.23765E+18,270.0459214,0.18896992,20.20148,25.66174,21.45563,20.78155
1.23766E+18,269.951653,-0.18838198,15.4278,17.51823,16.32917,15.65466
1.23765E+18,270.0435402,0.189606987,21.00123,24.7767,22.02817,21.58213
1.23766E+18,269.9968135,-0.194780314,20.28575,24.31867,21.26619,20.51122
1.23766E+18,270.1373482,-0.138218914,19.4797,25.11738,24.81116,19.64699
1.23765E+18,269.844013,0.116999291,23.21212,23.83323,22.31323,21.29178
1.23766E+18,270.1372323,-0.138591406,19.29596,20.97217,19.74819,19.52882
1.23766E+18,269.8356477,-0.105117666,21.58641,25.62247,25.62712,21.9415
1.23766E+18,269.8405601,-0.112643158,18.77953,20.1229,19.11847,18.74163
1.23766E+18,270.1391535,-0.137078209,18.79011,19.97465,19.21343,18.65408
1.23766E+18,270.1511953,0.123692629,21.81428,22.98153,21.53679,21.10148
1.23765E+18,269.9405094,0.18613286,18.17462,19.83007,18.95522,18.58365
1.23766E+18,270.1567666,0.117060763,19.8781,22.97121,20.87372,20.23544
1.23766E+18,269.8568081,-0.13336838,20.38923,23.41133,20.80735,19.75387
1.23766E+18,269.9467151,-0.188332147,19.81026,23.56014,21.85756,20.15774
1.23766E+18,270.1370048,0.139937073,20.99774,23.0972,21.62027,21.26591
1.23766E+18,269.9444306,-0.18779118,18.14207,20.33927,19.12785,18.45097
1.23765E+18,269.8764506,0.151993963,20.25062,25.2577,22.16481,20.8506
1.23765E+18,269.8040808,-0.000613459,20.7157,24.83542,24.06701,21.31323
1.23765E+18,269.8751172,0.151048587,21.1347,24.54567,23.41878,21.6854
1.23765E+18,269.9306641,0.183316981,22.8269,24.07884,21.4776,20.87976
1.23766E+18,269.9418744,-0.187208357,18.6011,20.03787,19.15071,18.77095
1.23766E+18,270.1073745,-0.164022315,26.07368,23.50746,24.83577,24.38285
1.23766E+18,269.8685221,-0.145448523,18.77436,20.30913,19.3553,19.08149
1.23766E+18,269.8985769,-0.167819864,19.81036,20.76566,19.79105,19.59505
1.23766E+18,269.8990198,-0.16809798,18.18162,19.92896,19.04221,18.70428
1.23766E+18,269.9811113,-0.195206924,17.23805,19.05565,17.99635,17.4041
1.23765E+18,269.9424682,0.187590445,20.39885,21.61306,20.51539,20.2079
1.23765E+18,270.0173056,0.195588279,21.6931,24.21877,22.90165,21.60802
1.23765E+18,270.0440827,0.191348791,20.7012,22.88362,21.40529,20.95827
1.23765E+18,269.8036359,-0.000447514,22.16084,22.90238,22.49542,21.43648
1.23766E+18,269.9098593,-0.174579365,19.87468,26.13927,22.99927,21.03245
1.23765E+18,269.91701,0.178105138,20.1803,22.68426,21.22485,20.60222
1.23766E+18,269.9415347,-0.187684668,18.74022,20.73917,19.71176,19.01134
1.23765E+18,269.862905,0.140886833,21.86184,24.67923,23.05969,22.05378
1.23766E+18,270.1573344,-0.118061456,20.37658,21.4843,20.98154,20.03249
1.23766E+18,270.1510541,-0.126018203,18.68045,23.8727,20.83948,19.39505
1.23766E+18,270.1637674,-0.109041947,21.00773,23.62715,22.93705,21.38079
1.23766E+18,269.8589967,-0.137238482,21.52357,20.79963,19.775,19.2688
1.23766E+18,270.1382165,0.140318063,16.22135,18.48727,17.20551,16.65824
1.23766E+18,270.0316829,-0.194405189,19.96516,20.68965,20.09316,19.56517
1.23766E+18,269.8479987,-0.125313129,19.59316,21.83576,20.95467,20.49142
1.23765E+18,269.9304478,0.184455636,21.32058,24.41851,22.9896,21.7408
1.23765E+18,270.0183559,0.196471875,20.68297,23.11608,21.52941,21.05288
1.23765E+18,269.9188889,0.179920197,20.98222,24.43297,23.47735,22.06602
1.23766E+18,269.8626039,-0.141809858,17.66235,19.74868,18.54949,18.08041
1.23766E+18,270.1585647,-0.117736323,18.39193,20.00301,19.0704,18.49212
1.23766E+18,270.0047815,-0.197455947,20.09653,24.19963,22.21562,20.94246
1.23766E+18,270.0238555,-0.196127005,18.53923,21.30054,19.80043,18.93601
1.23765E+18,269.9058233,0.174130243,22.68771,25.66249,22.88352,21.6743
1.23766E+18,269.8408024,-0.117813758,16.90749,18.58639,17.81231,17.33061
1.23766E+18,270.0847697,-0.179016429,21.12771,23.37822,21.13577,21.41513
1.23766E+18,270.0267143,-0.196348515,20.79531,23.5525,21.49495,20.83493
1.23766E+18,270.0957786,-0.173553823,18.62222,20.77583,19.70964,18.97079
1.23766E+18,270.1541112,0.124693397,22.0628,22.60865,21.91236,21.51735
1.23765E+18,270.1146902,0.161757109,20.55121,24.48782,21.97788,20.93309
1.23766E+18,270.0194606,-0.19738546,21.15173,22.7983,22.38123,20.97871
1.23766E+18,270.1418034,-0.138726267,19.79724,21.44519,20.44082,19.92857
1.23765E+18,269.8981222,0.170263825,21.25174,23.97939,23.1344,21.54842
1.23766E+18,269.8401534,-0.117569433,22.82812,25.11667,21.05401,19.81137
1.23766E+18,270.1122304,-0.163821047,25.57132,16.5994,15.63134,14.55249
1.23766E+18,270.1050814,-0.168721546,18.49417,20.26702,19.29324,18.63907
1.23766E+18,269.9828949,-0.198199275,19.64593,23.5995,21.47762,20.3078
1.23765E+18,269.8304681,0.104251441,21.34579,20.60768,19.65026,19.24242
1.23765E+18,269.9952112,0.198982018,25.51596,27.92344,16.22002,15.54408
1.23766E+18,270.1584191,0.120533935,18.60038,20.41875,19.31834,18.94437
1.23765E+18,269.8656247,0.14687237,18.74955,22.10951,20.30283,19.37693
1.23766E+18,269.9805944,-0.19816721,19.99827,21.58051,20.72282,20.08416
1.23766E+18,269.9394394,-0.189720083,19.69605,21.47702,20.54313,20.10568
1.23765E+18,269.8480727,0.129555087,19.51233,23.07013,22.79726,24.3614
1.23765E+18,270.0410388,0.195506334,21.78159,24.94091,22.46594,21.78952
1.23765E+18,270.0311159,0.197359678,20.18867,23.09677,21.45776,20.72126
1.23766E+18,270.0882627,-0.179289357,20.06632,25.44414,22.63261,21.02918
1.23766E+18,269.9648944,-0.196795404,18.31684,20.0218,19.0634,18.57912
1.23766E+18,270.17177,-0.102266717,20.74809,25.64127,24.47708,22.11023
1.23765E+18,270.0226165,0.198858548,17.74149,21.48989,19.66376,18.44742
1.23766E+18,269.8552415,-0.138214875,22.8269,21.55156,20.49971,19.66632
1.23766E+18,270.1132257,-0.165179364,16.99435,26.18577,25.53261,19.29585
1.23766E+18,270.1180318,-0.161803231,15.59697,27.88742,27.33761,16.15938
1.23765E+18,269.8736152,0.155501033,19.90297,21.97966,20.92176,20.16283
1.23765E+18,269.9359398,0.189971836,19.3999,21.28511,20.24504,19.83923
1.23766E+18,270.0591867,-0.191629015,20.55521,23.73225,22.12664,21.1775
1.23765E+18,269.7993365,-0.001164167,20.20768,21.37566,21.42868,20.64811
1.23766E+18,270.0346713,-0.197812655,19.34169,20.89297,19.94038,19.54882
1.23765E+18,270.0917485,0.178702297,20.23848,22.33626,23.13211,20.59484
1.23766E+18,269.8522585,-0.136314085,22.8269,25.11439,20.89825,19.98747
1.23766E+18,269.975643,-0.199557096,19.5948,21.51628,20.56409,19.90213
1.23765E+18,269.906235,0.177991437,20.95499,21.97004,22.15728,21.70625
1.23766E+18,269.9272613,-0.187686861,20.63984,23.94493,22.50176,21.42036
1.23766E+18,270.0427377,-0.196779338,18.18716,19.88375,19.03656,18.4208
1.23766E+18,269.854936,-0.139725699,19.82196,25.11684,21.00359,20.29325
1.23766E+18,269.8523851,-0.137034945,27.82187,18.14742,28.85286,18.18965
1.23765E+18,269.8367119,0.1181439,16.11412,25.11435,24.80204,18.48919
1.23766E+18,270.0347759,-0.198617538,19.29481,20.78334,19.81631,19.3915
1.23765E+18,269.8349047,0.115884886,22.82669,25.117,24.5219,22.60688
1.23765E+18,269.8751596,0.158438551,21.15612,25.6911,23.03514,21.81294
1.23766E+18,270.0136888,-0.201288438,19.54936,21.83881,20.58085,19.87322
1.23766E+18,270.1197625,-0.162367701,26.04427,28.69574,17.45811,15.33011
1.23765E+18,269.9275212,0.188374273,19.4295,20.92791,19.90883,19.48867
1.23766E+18,270.038601,-0.198251351,16.44583,18.28341,17.21943,16.61121
1.23766E+18,269.9972858,-0.202045626,19.20142,20.91095,20.07644,19.50612
1.23766E+18,270.1149977,-0.166207336,23.97905,26.77563,16.82522,14.40772
1.23766E+18,269.8528193,-0.138623129,19.12521,23.62815,21.01559,19.73588
1.23766E+18,270.1487677,0.13723024,20.49312,22.05014,21.20977,20.42033
1.23765E+18,269.9107963,0.181902483,20.03916,23.57181,21.5698,20.91041
1.23765E+18,270.037686,0.199076831,20.97052,25.2521,22.38377,21.52268
1.23766E+18,270.0600013,-0.193547768,18.40104,19.94936,19.07591,18.58233
1.23766E+18,269.8247551,-0.101748411,21.50824,24.60476,23.66302,21.16937
1.23765E+18,269.8502928,0.136618727,19.9127,21.11414,20.3089,19.87152
1.23766E+18,270.1731793,-0.105326517,20.62947,22.44984,21.06497,20.48349
1.23766E+18,270.1646926,-0.118303692,17.76881,21.4674,19.42292,18.28437
1.23765E+18,269.8864478,0.168093515,22.63159,26.02635,23.81574,21.48764
1.23765E+18,270.0432444,0.198215578,17.82853,25.11474,24.80225,18.27851
1.23766E+18,269.9853193,-0.202602957,19.40938,23.03288,20.82351,19.98189
1.23766E+18,269.9133836,-0.183805328,20.08491,23.46411,21.51099,20.61018
1.23765E+18,269.8478123,0.134643616,17.84546,19.96341,19.10266,23.92695
1.23766E+18,270.0106486,-0.203297755,21.12465,23.39926,21.5314,20.60014
1.23766E+18,269.9957666,-0.203774826,19.1478,22.27301,20.48354,19.52013
1.23765E+18,269.9544251,0.198847418,24.33335,19.72673,25.72517,18.84064
1.23765E+18,269.9870976,0.203614242,25.02208,27.17424,18.91391,28.13383
1.23766E+18,270.0044974,-0.204081677,19.05653,21.28831,20.00845,19.42585
1.23765E+18,269.9398194,0.195089092,19.8076,21.98459,20.82308,20.27411
1.23765E+18,269.866521,0.154516087,19.27956,20.66929,19.80366,19.32367
1.23766E+18,270.0163079,-0.203541543,19.20699,21.16111,19.95269,19.40825
1.23766E+18,270.0213408,-0.203094792,19.98963,20.27102,19.67246,19.2155
1.23766E+18,269.8362367,-0.12218575,21.5105,25.23666,24.48253,21.83551
1.23765E+18,269.8237936,0.103574593,20.58045,26.8678,22.44235,21.50606
1.23765E+18,269.8287535,0.111603775,16.26484,17.42968,16.11024,16.37184
1.23765E+18,269.912015,0.184527367,19.78706,22.02805,20.67444,19.98616
1.23766E+18,269.9123073,-0.184758156,19.12697,22.57956,20.41716,19.69219
1.23765E+18,269.8776577,0.163939146,20.71118,23.37921,22.44473,21.33238
1.23765E+18,270.0056869,0.204573149,17.55748,26.39779,24.93478,18.61274
1.23765E+18,269.8851696,0.169500724,20.20435,25.11437,22.49567,20.50339
1.23766E+18,269.9205297,-0.188709247,18.98411,20.27333,19.47786,19.26771
1.23766E+18,270.1074504,-0.174374064,17.68148,20.50822,19.09041,18.09619
1.23766E+18,269.8910503,-0.173597906,16.25889,17.71623,16.81351,16.47769
1.23766E+18,270.0776848,-0.189774891,20.28093,21.71201,20.83627,20.42048
1.23765E+18,269.8962228,0.176958174,20.81582,24.4625,21.99041,21.47335
1.23766E+18,270.0451663,-0.200334471,18.76251,20.9767,19.8159,19.11905
1.23765E+18,269.8283962,0.11292026,16.83573,25.11439,24.80204,21.98331
1.23765E+18,269.8846895,0.170062702,23.15255,24.23739,23.05874,20.91898
1.23766E+18,269.9858125,-0.205014488,19.35878,21.54947,20.428,19.63559
1.23765E+18,269.8023445,0.056412468,13.05579,10.66949,10.08525,10.01718
1.23766E+18,269.8328544,-0.119880343,16.36117,17.85569,17.00892,16.67084
1.23765E+18,269.8889251,0.173130072,22.8269,25.07411,21.19687,20.02929
1.23765E+18,269.8955078,0.177211799,22.25822,24.73974,23.11435,21.85849
1.23766E+18,269.8601939,-0.151031651,20.64195,23.6493,21.47088,20.99582
1.23765E+18,269.829823,0.11589629,18.3824,21.36285,20.3724,19.14135
1.23766E+18,269.8258008,-0.110054678,19.45168,21.11571,20.06006,19.70433
1.23765E+18,269.8281554,0.113747052,23.29434,25.46404,21.15733,15.43681
1.23766E+18,270.0621295,-0.196551896,18.42232,19.87854,19.14806,18.60022
1.23766E+18,270.0315626,-0.203800741,20.45854,22.44194,21.71865,22.21296
1.23766E+18,270.1566286,0.134385792,18.25709,19.76064,18.82555,18.52383
1.23765E+18,270.1164143,0.170413335,21.36721,25.02742,23.55997,25.53613
1.23765E+18,269.847906,0.139926854,18.62024,21.50175,20.08359,19.19963
1.23765E+18,269.8989381,0.180357617,20.24249,23.32896,21.61782,20.75173
1.23766E+18,270.1636945,0.126659023,21.11546,25.33357,24.03833,20.83079
1.23766E+18,270.0696331,-0.194913311,19.43862,21.28924,20.183,19.65746
1.23766E+18,269.8719501,-0.1627443,19.22394,20.83959,19.92935,19.49927
1.23765E+18,269.7928412,0.006757807,20.53534,24.23117,21.4421,20.66564
1.23765E+18,269.8416544,0.133837409,20.70122,22.02505,21.0311,20.72764
1.23766E+18,269.8887526,-0.175004083,19.92402,23.82071,22.24384,21.06574
1.23766E+18,269.8315258,-0.121083391,19.74355,21.77723,20.35779,19.99651
1.23766E+18,270.1773386,-0.107864884,19.41191,20.84248,19.96711,19.39157
1.23766E+18,269.9810589,-0.206703579,18.44141,21.31343,19.54704,18.76126
1.23766E+18,270.1714349,-0.117072056,18.56593,20.1651,19.229,18.82912
1.23765E+18,269.9361991,0.197718393,20.84256,23.85632,22.61664,21.55157
1.23765E+18,270.017478,0.207102783,18.75625,20.38521,19.42892,18.98462
1.23766E+18,269.8751888,-0.166253408,19.97331,25.0925,23.5476,21.17429
1.23766E+18,269.8741121,-0.165453147,19.01911,20.95799,19.80992,19.40666
1.23766E+18,270.0195979,-0.206985787,19.48566,20.97926,20.03358,19.47797
1.23766E+18,270.1599941,-0.132849305,16.75471,19.32886,17.82268,17.03631
1.23765E+18,269.7917572,0.00392235,20.73383,24.2701,22.18773,21.28385
1.23766E+18,269.884464,-0.173382003,21.34708,22.10867,21.39498,21.06457
1.23766E+18,269.9298473,-0.196231569,21.04072,26.42446,22.14123,20.96491
1.23765E+18,269.8442899,0.138508802,21.16413,25.23239,22.44515,21.38889
1.23765E+18,269.8881553,0.175956251,22.06391,25.26381,23.62781,21.49728
1.23766E+18,270.13358,0.160244232,19.25622,20.76794,19.90733,19.65848
1.23765E+18,270.0390801,0.205148917,21.14376,23.2804,22.25439,21.69079
1.23765E+18,269.9881491,0.208757459,22.32912,18.1977,16.41149,15.81014
1.23765E+18,270.060797,0.200155185,15.00282,15.85733,14.77447,14.48482
1.23765E+18,269.8981296,0.183186415,21.14068,24.92477,22.61827,21.94855
1.23766E+18,270.1423793,0.154052089,23.01083,26.33636,15.88092,15.46918
1.23766E+18,269.8390438,-0.134707024,23.44654,19.98133,19.15167,18.70454
1.23765E+18,269.9659596,0.207133437,22.24525,23.56988,22.05828,22.13802
1.23765E+18,270.0153674,0.209455305,21.38068,26.20442,23.79354,21.78028
1.23765E+18,269.8847893,0.175678659,19.74228,23.87752,21.09906,20.07574
1.23766E+18,269.9835918,0.20981643,28.33113,31.27625,17.41652,15.77696
1.23765E+18,269.7895659,0.003784443,22.32003,25.42624,21.9489,21.01621
1.23766E+18,270.0187823,-0.209705392,20.3457,21.86018,20.98272,20.71084
1.23766E+18,269.8741985,-0.169025578,19.29911,21.96467,20.58216,19.90395
1.23766E+18,270.1546881,-0.143073813,17.24468,19.4233,18.17275,17.58376
1.23766E+18,269.998198,0.210755119,19.24471,21.67964,20.67646,20.07171
1.23765E+18,269.8852025,0.176764679,22.82689,23.79724,22.06584,21.12243
1.23766E+18,270.1622267,-0.134652475,19.35511,23.31307,22.0481,20.29561
1.23765E+18,269.8266029,0.119993848,16.86318,18.85879,17.63226,17.04281
1.23766E+18,269.9789151,-0.209832021,21.06578,23.24651,21.98983,21.09686
1.23766E+18,269.9024688,-0.187003309,19.63071,22.05056,20.65912,20.08641
1.23765E+18,269.9049253,0.188413726,20.69791,24.29099,21.97006,21.07559
1.23766E+18,269.8903373,-0.180477071,19.04848,21.26204,19.86541,19.39734
1.23765E+18,270.1156691,0.176715066,21.29712,23.43234,21.90145,22.21704
1.23765E+18,269.9387261,0.202187673,21.07642,24.44481,24.55945,21.31772
1.23766E+18,270.0396753,-0.207542133,19.25623,21.19407,20.248,19.60354
1.23766E+18,269.8909824,-0.18115616,16.71642,18.47025,17.45923,17.08858
1.23765E+18,269.9377017,0.202043454,19.61404,22.86608,21.31778,20.32265
1.23765E+18,269.9154923,0.193919692,19.21286,22.52961,20.55582,19.78074
1.23766E+18,269.9805581,0.210701197,21.28548,23.13191,21.68341,20.88481
1.23766E+18,270.1539776,-0.145189018,22.52946,26.44459,22.925,22.64667
1.23765E+18,269.7883628,0.001948014,21.45271,23.27406,21.68459,21.14182
1.23765E+18,269.9395889,0.202903373,16.53981,17.85085,17.25841,16.92252
1.23766E+18,270.0135155,0.211400913,19.50065,24.42163,20.64629,19.91037
1.23766E+18,270.1261683,-0.170258648,19.41857,24.09694,21.64657,20.54719
1.23765E+18,269.977328,-0.210833184,18.62509,20.01962,19.36875,19.00738
1.23766E+18,270.1532633,0.146590589,18.22748,19.73958,18.84779,18.57946
1.23765E+18,269.8635852,0.162442159,19.93734,24.20459,21.9318,20.49522
1.23766E+18,269.9234572,-0.198048976,19.64118,23.52261,20.93103,20.35831
1.23766E+18,269.9726052,0.210575271,22.92919,25.93776,25.14742,21.88946
1.23766E+18,269.9462566,-0.205679897,21.64007,23.48109,24.66655,21.07679
1.23765E+18,270.1217803,0.17426313,17.51579,19.6569,18.40818,17.91421
1.23766E+18,270.1226357,-0.174081581,21.01664,24.1165,21.69714,21.11204
1.23766E+18,269.8849625,-0.17929858,19.41895,22.74183,21.0331,20.19456
1.23765E+18,270.1204428,0.17572497,21.10014,24.61136,23.13455,21.52654
1.23766E+18,270.0500474,-0.207118334,18.34218,21.72046,20.30856,24.40663
1.23766E+18,270.1377974,-0.162567679,19.83432,22.18908,20.74042,20.07397
1.23766E+18,270.1038593,-0.186122864,25.69511,18.41475,27.97745,27.56346
1.23766E+18,270.1436841,0.157564172,19.90584,22.05806,20.87808,20.76316
1.23765E+18,269.9229301,0.19887408,20.72493,24.06074,22.32634,21.19629
1.23766E+18,270.1248051,-0.172969019,18.50175,21.28071,19.75258,18.93629
1.23766E+18,270.107053,-0.184492247,20.30129,22.36725,20.91496,20.14522
1.23766E+18,270.1132316,-0.180977853,18.21291,21.62912,19.83851,18.80885
1.23765E+18,269.8864338,0.180782036,22.82731,20.73538,18.76916,18.20083
1.23766E+18,270.1622789,-0.138885068,18.80465,23.23791,20.8836,19.50496
1.23766E+18,270.0048537,0.21357586,19.52529,20.61498,19.75341,19.40351
1.23765E+18,269.8260209,0.124199406,21.56082,22.50712,22.03438,21.97999
1.23766E+18,269.9651938,0.210954427,20.79927,23.63206,21.98684,20.79154
1.23766E+18,269.9548954,-0.209002835,17.79353,20.58478,19.00059,18.19209
1.23766E+18,269.8761233,-0.174277251,19.77459,27.55432,22.91529,20.91803
1.23766E+18,269.9781973,0.212730507,19.59194,21.28954,24.77736,24.37303
1.23766E+18,269.8904585,-0.183698392,21.42068,26.70828,22.92618,21.13083
